<?xml version="1.0" encoding="UTF-8"?>
<project-private xmlns="http://www.netbeans.org/ns/project-private/1">
    <editor-bookmarks xmlns="http://www.netbeans.org/ns/editor-bookmarks/2" lastBookmarkId="0"/>
    <open-files xmlns="http://www.netbeans.org/ns/projectui-open-files/2">
        <group>
            <file>file:/C:/DATA/TOOLS/_HWtools/_MCU08/PICDEM_boards/PICDEM_Net2/AN1921_PICDEMnet2_PIC18F97J60_230315/TCPIP_Demo/udpDEMO.X/main.c</file>
            <file>file:/C:/DATA/TOOLS/_HWtools/_MCU08/PICDEM_boards/PICDEM_Net2/AN1921_PICDEMnet2_PIC18F97J60_230315/TCPIP_Library/source/dhcp_client.c</file>
            <file>file:/C:/DATA/TOOLS/_HWtools/_MCU08/PICDEM_boards/PICDEM_Net2/AN1921_PICDEMnet2_PIC18F97J60_230315/TCPIP_Library/include/ipv4.h</file>
        </group>
    </open-files>
</project-private>
