<?xml version="1.0" encoding="UTF-8"?>
<project xmlns="http://www.netbeans.org/ns/project/1">
    <type>com.microchip.mplab.nbide.embedded.makeproject</type>
    <configuration>
        <data xmlns="http://www.netbeans.org/ns/make-project/1">
            <name>udpDEMO</name>
            <creation-uuid>a366f2cc-0a62-4b24-a19c-482fcbf9630c</creation-uuid>
            <make-project-type>0</make-project-type>
            <c-extensions>c</c-extensions>
            <cpp-extensions/>
            <header-extensions>h</header-extensions>
            <asminc-extensions/>
            <sourceEncoding>ISO-8859-1</sourceEncoding>
            <make-dep-projects/>
            <sourceRootList>
                <sourceRootElem>../board_support</sourceRootElem>
                <sourceRootElem>../tcpip_stack</sourceRootElem>
                <sourceRootElem>../board_support_package</sourceRootElem>
                <sourceRootElem>../ethernet_drivers</sourceRootElem>
                <sourceRootElem>../../TCPIP_Library</sourceRootElem>
            </sourceRootList>
            <confList>
                <confElem>
                    <name>PICDEM.net2_ETH97J60</name>
                    <type>2</type>
                </confElem>
                <confElem>
                    <name>PICDEM.net2_ENC28J60</name>
                    <type>2</type>
                </confElem>
                <confElem>
                    <name>PICDEM.net2_ENCx24J600_SPI</name>
                    <type>2</type>
                </confElem>
            </confList>
            <formatting>
                <project-formatting-style>false</project-formatting-style>
            </formatting>
        </data>
    </configuration>
</project>
